source,target
/handbook/hiring,/handbook/hiring/candidate-faq
/handbook/hiring,/handbook/hiring/candidate-faq/recruitment-privacy-policy
/handbook/hiring,/handbook/hiring/interviewing
/handbook/hiring,/handbook/hiring/referral-operations
/handbook/hiring,/handbook/hiring/referral-process
/handbook/hiring,/handbook/people-group/employment-branding
/handbook/hiring,/handbook/hiring/job-description-library
/handbook/hiring,/handbook/people-group/visas
/handbook/hiring/candidate-faq,/handbook/hiring
/handbook/hiring/candidate-faq,/handbook/people-group/visas
/handbook/hiring/candidate-faq,/handbook/hiring/interviewing/technical
/handbook/hiring/candidate-faq,/handbook/hiring
/handbook/hiring/candidate-faq,/handbook/people-group/time-off-and-absence/time-off-types
/handbook/hiring/candidate-faq,/handbook/people-group
/handbook/hiring/candidate-faq,/handbook/people-group/employment-branding/content-library
/handbook/hiring/interviewing,/handbook/hiring/conducting-a-gitlab-interview
/handbook/hiring/interviewing/customer-support-interviewing,/handbook/hiring/candidate-faq
/handbook/hiring/interviewing/customer-support-interviewing,/handbook/hiring/candidate-faq
/handbook/hiring/interviewing/infrastructure-interview,/handbook/hiring/candidate-faq
/handbook/hiring/interviewing/technical,/handbook/hiring/conducting-a-gitlab-interview
/handbook/hiring/job-description-library,/handbook/hiring
/handbook/hiring/job-description-library,/handbook/people-group/directly-responsible-individuals
/handbook/hiring/referral-operations,/handbook/hiring/referral-process
/handbook/hiring/referral-process,/handbook/hiring/referral-operations
/handbook/hiring/talent-acquisition-framework/coordinator,/handbook/hiring
/handbook/hiring/talent-acquisition-framework/coordinator,/handbook/hiring/interviewing
/handbook/hiring/talent-acquisition-framework/coordinator,/handbook/hiring
/handbook/hiring/talent-acquisition-framework/coordinator,/handbook/hiring
/handbook/hiring/talent-acquisition-framework/coordinator,/handbook/hiring
/handbook/hiring/talent-acquisition-framework/coordinator,/handbook/people-group/contracts-probation-periods
/handbook/hiring/talent-acquisition-framework/coordinator,/handbook/hiring
/handbook/hiring/talent-acquisition-framework/coordinator,/handbook/hiring
/handbook/hiring/talent-acquisition-framework/coordinator,/handbook/hiring
/handbook/hiring/talent-acquisition-framework/coordinator,/handbook/hiring
/handbook/hiring/talent-acquisition-framework/coordinator,/handbook/hiring
/handbook/hiring/talent-acquisition-framework/coordinator,/handbook/hiring
/handbook/hiring/talent-acquisition-framework/coordinator,/handbook/hiring
/handbook/hiring/talent-acquisition-framework/coordinator,/handbook/people-group/relocation
/handbook/hiring/talent-acquisition-framework/coordinator,/handbook/hiring
/handbook/hiring/talent-acquisition-framework/coordinator,/handbook/hiring
/handbook/hiring/talent-acquisition-framework/coordinator,/handbook/people-group/contracts-probation-periods
/handbook/hiring/talent-acquisition-framework/coordinator,/handbook/hiring
/handbook/hiring/talent-acquisition-framework/coordinator,/handbook/hiring
/handbook/hiring/talent-acquisition-framework/coordinator,/handbook/hiring
/handbook/hiring/talent-acquisition-framework/coordinator,/handbook/hiring
/handbook/hiring/talent-acquisition-framework/coordinator,/handbook/hiring
/handbook/hiring/talent-acquisition-framework/internal-hiring-process,/handbook/hiring
/handbook/hiring/talent-acquisition-framework/internal-hiring-process,/handbook/people-group/promotions-transfers
/handbook/hiring/talent-acquisition-framework/internal-hiring-process,/handbook/hiring
/handbook/hiring/talent-acquisition-framework/internal-hiring-process,/handbook/hiring
/handbook/hiring/talent-acquisition-framework/internal-hiring-process,/handbook/hiring
/handbook/hiring/talent-acquisition-framework/internal-hiring-process,/handbook/hiring
/handbook/hiring/talent-acquisition-framework/internal-hiring-process,/handbook/hiring
/handbook/hiring/talent-acquisition-framework/internal-hiring-process,/handbook/people-group/guidance-on-feedback
/handbook/people-group/360-feedback,/handbook/people-group
/handbook/people-group,/handbook/hiring/interviewing
/handbook/people-group,/handbook/people-group/incident-response
/handbook/people-group,/handbook/people-group/team-member-relations
/handbook/people-group,/handbook/people-group/people-business-partners
/handbook/people-group,/handbook/people-group/people-ops-tech-analytics/people-analytics
/handbook/people-group,/handbook/people-group/offboarding/offboarding_standards
/handbook/people-group,/handbook/people-group/relocation
/handbook/people-group,/handbook/people-group/people-business-partners
/handbook/people-group,/handbook/people-group/promotions-transfers
/handbook/people-group,/handbook/people-group/employment-solutions
/handbook/people-group,/handbook/people-group/contracts-probation-periods
/handbook/people-group,/handbook/people-group/general-onboarding
/handbook/people-group,/handbook/people-group/celebrations
/handbook/people-group,/handbook/hiring
/handbook/people-group,/handbook/people-group/guidance-on-feedback
/handbook/people-group,/handbook/people-group/orientation-identity
/handbook/people-group,/handbook/people-group/visas
/handbook/people-group/anti-harassment,/handbook/people-group/team-member-relations
/handbook/people-group/anti-harassment,/handbook/people-group/team-member-relations
/handbook/people-group/anti-harassment,/handbook/people-group/team-member-relations
/handbook/people-group/anti-harassment,/handbook/people-group/team-member-relations
/handbook/people-group/anti-harassment,/handbook/people-group/team-member-relations
/handbook/people-group/celebrations,/handbook/people-group/time-off-and-absence/time-off-types
/handbook/people-group/competencies,/handbook/hiring
/handbook/people-group/competencies,/handbook/people-group/promotions-transfers
/handbook/people-group/competencies,/handbook/people-group/learning-and-development
/handbook/people-group/competencies,/handbook/people-group/learning-and-development/career-development
/handbook/people-group/competencies,/handbook/people-group/360-feedback
/handbook/people-group/competencies,/handbook/people-group/general-onboarding
/handbook/people-group/competencies,/handbook/people-group
/handbook/people-group/contracts-probation-periods,/handbook/hiring
/handbook/people-group/contracts-probation-periods,/handbook/hiring
/handbook/people-group/contracts-probation-periods,/handbook/people-group/relocation
/handbook/people-group/contracts-probation-periods,/handbook/hiring
/handbook/people-group/contracts-probation-periods,/handbook/hiring
/handbook/people-group/directly-responsible-individuals,/handbook/people-group/guidance-on-feedback
/handbook/people-group/employment-branding,/handbook/people-group
/handbook/people-group/employment-branding,/handbook/people-group/learning-and-development/career-development
/handbook/people-group/employment-branding,/handbook/people-group/learning-and-development
/handbook/people-group/employment-branding,/handbook/people-group/employment-branding/content-library
/handbook/people-group/engagement,/handbook/people-group/employment-branding
/handbook/people-group/general-onboarding,/handbook/people-group/general-onboarding/onboarding-buddies
/handbook/people-group/general-onboarding,/handbook/people-group
/handbook/people-group/general-onboarding,/handbook/people-group/general-onboarding/onboarding-buddies
/handbook/people-group/general-onboarding,/handbook/people-group/general-onboarding/mr-buddies
/handbook/people-group/general-onboarding/onboarding-buddies,/handbook/people-group/time-off-and-absence/time-off-types
/handbook/people-group/general-onboarding/tanewki-tips,/handbook/people-group/time-off-and-absence/time-off-types
/handbook/people-group/givelab-volunteer-initiatives,/handbook/people-group
/handbook/people-group/guidance-on-feedback,/handbook/people-group/360-feedback
/handbook/people-group/incident-response,/handbook/people-group/time-off-and-absence/time-off-types
/handbook/people-group/incident-response,/handbook/people-group/time-off-and-absence/time-off-types
/handbook/people-group/learning-and-development/career-development,/handbook/people-group/learning-and-development/growth-and-development
/handbook/people-group/learning-and-development/career-development,/handbook/people-group/learning-and-development/growth-and-development
/handbook/people-group/learning-and-development/career-development/igp-guide,/handbook/people-group/360-feedback
/handbook/people-group/learning-and-development/career-development/igp-guide,/handbook/people-group/talent-assessment
/handbook/people-group/learning-and-development/elevate-programs,/handbook/people-group/learning-and-development/elevate-programs/elevate
/handbook/people-group/learning-and-development/elevate-programs,/handbook/people-group/learning-and-development/elevate-programs/elevate-applied
/handbook/people-group/learning-and-development/elevate-programs,/handbook/people-group/learning-and-development/elevate-programs/elevateplus
/handbook/people-group/learning-and-development/elevate-programs,/handbook/people-group/learning-and-development/elevate-programs/elevate-prep
/handbook/people-group/learning-and-development/growth-and-development,/handbook/people-group/learning-and-development/growth-and-development/tax
/handbook/people-group/learning-and-development/growth-and-development,/handbook/people-group/learning-and-development/growth-and-development/tax
/handbook/people-group/learning-and-development/hone,/handbook/people-group/learning-and-development/elevate-programs/elevate
/handbook/people-group/learning-and-development/internship-for-learning,/handbook/people-group/learning-and-development/growth-and-development
/handbook/people-group/learning-and-development/manager-development,/handbook/people-group/learning-and-development/elevate-programs
/handbook/people-group/learning-and-development/mentor,/handbook/people-group/learning-and-development/career-development
/handbook/people-group/learning-and-development/mentor,/handbook/people-group/learning-and-development/career-development
/handbook/people-group/learning-and-development/mentor,/handbook/people-group/360-feedback
/handbook/people-group/learning-and-development/self-paced-learning,/handbook/people-group/learning-and-development/growth-and-development
/handbook/people-group/learning-and-development/self-paced-learning,/handbook/people-group/learning-and-development/hone
/handbook/people-group/offboarding,/handbook/people-group/offboarding/faq
/handbook/people-group/offboarding,/handbook/people-group/offboarding/faq
/handbook/people-group/offboarding,/handbook/people-group/offboarding/offboarding_standards
/handbook/people-group/offboarding/faq,/handbook/people-group/time-off-and-absence/time-off-types
/handbook/people-group/offboarding/faq,/handbook/people-group/learning-and-development/growth-and-development
/handbook/people-group/offboarding/offboarding_standards,/handbook/people-group/offboarding
/handbook/people-group/offboarding/offboarding_standards,/handbook/people-group/offboarding/faq
/handbook/people-group/organizational-change-management,/handbook/people-group/learning-and-development
/handbook/people-group/orientation-identity,/handbook/people-group
/handbook/people-group/orientation-identity,/handbook/people-group/pronouns
/handbook/people-group/people-group-program-management,/handbook/people-group/competencies
/handbook/people-group/people-operations,/handbook/people-group
/handbook/people-group/people-ops-tech-analytics,/handbook/people-group/people-compliance
/handbook/people-group/people-ops-tech-analytics,/handbook/people-group/people-ops-tech-analytics/people-analytics
/handbook/people-group/people-ops-tech-analytics,/handbook/people-group
/handbook/people-group/people-ops-tech-analytics,/handbook/people-group
/handbook/people-group/people-ops-tech-analytics,/handbook/people-group/people-compliance
/handbook/people-group/people-ops-tech-analytics,/handbook/people-group/people-ops-tech-analytics/people-analytics
/handbook/people-group/people-ops-tech-analytics/people-analytics,/handbook/people-group/people-ops-tech-analytics/people-analytics/data-governance
/handbook/people-group/people-ops-tech-analytics/people-analytics,/handbook/people-group/people-ops-tech-analytics/people-analytics/people-tableau
/handbook/people-group/people-ops-tech-analytics/people-analytics,/handbook/people-group/people-ops-tech-analytics/people-analytics/survey-support
/handbook/people-group/people-ops-tech-analytics/people-analytics,/handbook/people-group/people-ops-tech-analytics/people-analytics/office-hours
/handbook/people-group/people-ops-tech-analytics/people-analytics/data-guide,/handbook/people-group
/handbook/people-group/people-ops-tech-analytics/people-analytics/data-guide,/handbook/people-group/offboarding
/handbook/people-group/people-ops-tech-analytics/people-analytics/data-guide,/handbook/people-group/promotions-transfers
/handbook/people-group/people-ops-tech-analytics/people-analytics/data-guide,/handbook/people-group
/handbook/people-group/people-ops-tech-analytics/people-analytics/data-guide,/handbook/hiring
/handbook/people-group/people-ops-tech-analytics/people-analytics/data-guide,/handbook/people-group/learning-and-development/level-up
/handbook/people-group/people-ops-tech-analytics/people-analytics/office-hours,/handbook/people-group/people-ops-tech-analytics/people-analytics/people-tableau
/handbook/people-group/people-ops-tech-analytics/people-analytics/office-hours,/handbook/people-group/people-ops-tech-analytics/people-analytics/data-guide
/handbook/people-group/people-ops-tech-analytics/people-analytics/office-hours,/handbook/people-group/people-ops-tech-analytics/people-analytics/people-tableau
/handbook/people-group/people-ops-tech-analytics/people-analytics/survey-support,/handbook/people-group
/handbook/people-group/promotions-transfers,/handbook/hiring
/handbook/people-group/promotions-transfers,/handbook/hiring
/handbook/people-group/promotions-transfers,/handbook/people-group/promotion-document-style-guide
/handbook/people-group/promotions-transfers,/handbook/people-group/guidance-on-feedback
/handbook/people-group/promotions-transfers,/handbook/people-group/guidance-on-feedback
/handbook/people-group/promotions-transfers,/handbook/hiring
/handbook/people-group/promotions-transfers,/handbook/hiring
/handbook/people-group/promotions-transfers,/handbook/hiring
/handbook/people-group/promotions-transfers,/handbook/hiring
/handbook/people-group/promotions-transfers,/handbook/hiring
/handbook/people-group/promotions-transfers,/handbook/hiring
/handbook/people-group/promotions-transfers,/handbook/hiring
/handbook/people-group/promotions-transfers,/handbook/hiring
/handbook/people-group/promotions-transfers,/handbook/hiring
/handbook/people-group/promotions-transfers,/handbook/hiring/job-description-library
/handbook/people-group/promotions-transfers,/handbook/people-group/learning-and-development/internship-for-learning
/handbook/people-group/relocation,/handbook/people-group/visas
/handbook/people-group/relocation,/handbook/hiring
/handbook/people-group/relocation,/handbook/hiring
/handbook/people-group/relocation,/handbook/hiring
/handbook/people-group/relocation,/handbook/hiring
/handbook/people-group/talent-assessment,/handbook/people-group/talent-development-program
/handbook/people-group/talent-assessment,/handbook/people-group/talent-development-program
/handbook/people-group/talent-assessment,/handbook/people-group/learning-and-development
/handbook/people-group/talent-assessment,/handbook/people-group/learning-and-development/career-development/igp-guide
/handbook/people-group/talent-assessment,/handbook/people-group/learning-and-development/career-development
/handbook/people-group/talent-assessment,/handbook/people-group/learning-and-development/career-development/igp-guide
/handbook/people-group/talent-assessment,/handbook/people-group/learning-and-development/growth-and-development
/handbook/people-group/talent-assessment,/handbook/people-group/learning-and-development/growth-and-development
/handbook/people-group/talent-assessment,/handbook/people-group/guidance-on-feedback
/handbook/people-group/talent-assessment,/handbook/people-group/learning-and-development/career-development
/handbook/people-group/talent-assessment,/handbook/people-group/learning-and-development/career-development/igp-guide
/handbook/people-group/talent-development-program,/handbook/people-group/talent-assessment
/handbook/people-group/talent-development-program,/handbook/people-group/360-feedback
/handbook/people-group/talent-development-program,/handbook/people-group/talent-assessment
/handbook/people-group/talent-development-program,/handbook/people-group/engagement
/handbook/people-group/team-member-relations,/handbook/people-group
/handbook/people-group/time-off-and-absence/leave-types,/handbook/people-group/incident-response
/handbook/people-group/time-off-and-absence/time-away-philosophy,/handbook/people-group/givelab-volunteer-initiatives
/handbook/people-group/time-off-and-absence/time-away-philosophy,/handbook/people-group/time-off-and-absence/time-off-types
/handbook/people-group/time-off-and-absence/time-away-philosophy,/handbook/people-group/time-off-and-absence/leave-types
/handbook/people-group/time-off-and-absence/time-off-types,/handbook/people-group/time-off-and-absence/time-away-philosophy
/handbook/people-group/time-off-and-absence/time-off-types,/handbook/people-group/time-off-and-absence/leave-types
/handbook/people-group/time-off-and-absence/time-off-types,/handbook/people-group/givelab-volunteer-initiatives
/handbook/people-group/visas,/handbook/people-group/relocation
/handbook/people-group/visas,/handbook/people-group/relocation
